{"cameraMode":{"drawMode":1,"name":"Wireframe","section":"Shading Mode"},"sceneLighting":true,"audioPlay":false,"sceneViewState":{"showFog":true,"showMaterialUpdate":false,"showSkybox":true,"showFlares":true,"showImageEffects":true,"showParticleSystems":true},"in2DMode":false,"pivot":{"x":-172.5108642578125,"y":130.33319091796876,"z":-19.556304931640626},"rotation":{"x":-0.3105899691581726,"y":-0.6874232292175293,"z":-0.43163779377937319,"w":0.4946434199810028},"size":61.37742614746094,"orthographic":false}